year,share_no_housing_assets,share_homeowners,share_two_or_more_props
2002,0.162331679987307,0.806862561116479,0.080895605442324
2005,0.159201933364702,0.802568851163714,0.116574673471109
2008,0.14651435913089,0.818965949631647,0.122530718046881
2011,0.131274081446113,0.82563435696752,0.14280572528578
2014,0.154585302967638,0.803504618468614,0.15493475442119
2017,0.189400082949162,0.75839290643312,0.209801514575706
2020,0.193234105003139,0.739345542690171,0.213170703194473
2022,0.209070025817082,0.72147215526665,0.234041771160385
